by,descendants,id,score,time,title,type,url
rjzzleep,10,11591554,44,1461873946,CareKit Framework,story,https://github.com/carekit-apple/CareKit
dsri,45,11591142,80,1461869922,Mark Zuckerberg Gets to Control Facebook a While Longer,story,http://www.bloombergview.com/articles/2016-04-28/mark-zuckerberg-gets-to-control-facebook-a-while-longer
zzzzFrog,24,11591156,53,1461870076,A Deep Learning USB Stick,story,http://www.movidius.com/news/movidius-announces-deep-learning-accelerator-and-fathom-software-framework
ingve,162,11588772,296,1461851266,Atari co-founder: mobile games make me want to throw my phone,story,https://www.theguardian.com/technology/2016/apr/28/atari-co-founder-nolan-bushnell-mobile-games-make-me-want-to-throw-my-phone
gordon_freeman,19,11590578,78,1461865083,This year’s Founders' Letter,story,https://googleblog.blogspot.com/2016/04/this-years-founders-letter.html
StavrosK,305,11587778,426,1461840419,Steam now accepts Bitcoin for purchases,story,https://blog.bitpay.com/load-your-steam-wallet-using-bitcoin/
micaeloliveira,5,11590620,56,1461865419,Markov Chain Monte Carlo Sampling,story,https://galeascience.wordpress.com/2016/04/27/markov-chain-monte-carlo-sampling/
lispython,95,11588918,189,1461852279,On the (Small) Number of Atoms in the Universe,story,http://norvig.com/atoms.html
davideschiera,19,11590146,93,1461861886,How we found a bug in Amazon ELB,story,https://sysdig.com/blog/amazon-elb-bug/
antognini,38,11591130,29,1461869761,Type III Societies (Apparently) Do Not Exist,story,http://arxiv.org/abs/1604.07844
smaili,66,11589387,77,1461856012,Comcast's NBCUniversal buys DreamWorks Animation in $3.8B deal,story,http://www.latimes.com/entertainment/envelope/cotown/la-et-ct-nbcuniversal-buys-dreamworks--20160428-story.html
adamnemecek,6,11590629,36,1461865506,C++ Stackless Coroutine,story,https://github.com/jbandela/stackless_coroutine
gist,1,11591737,9,1461875868,Amazon Reports Surge in Profit,story,http://www.wsj.com/articles/amazon-reports-surge-in-profit-1461874333
thepoet,100,11586812,435,1461823625,Who Was Ramanujan?,story,https://backchannel.com/who-was-ramanujan-83b4d5b05665?source=linkShare-1b4595cbd64d-1461823459
gavino,70,11587468,269,1461835828,"Show HN: Jam API, turn any site into a JSON api using CSS selectors",story,http://www.jamapi.xyz/
ohjeez,4,11589304,49,1461855388,How to Party Like It’s 1999: Emulation for Everyone,story,http://journal.code4lib.org/articles/11386
conductor,0,11591620,3,1461874765,Proxmox VE 4.2 released,story,https://www.proxmox.com/en/news/press-releases/proxmox-ve-4-2-released
jaxonrice,1,11591274,20,1461871119,Mastermind Chapter 7: The next big deal,story,https://mastermind.atavist.com/the-next-big-deal?src=longreads
fredley,69,11587781,95,1461840473,"Drone unlikely to have hit BA plane near Heathrow, government says",story,http://www.bbc.co.uk/news/uk-36159117
ingve,25,11587661,94,1461838724,Multithreading in modern C++,story,http://www.modernescpp.com/index.php/multithreading-in-modern-c
ingve,13,11588791,43,1461851399,A prog by any other name,story,http://www.tedunangst.com/flak/post/a-prog-by-any-other-name
ingve,4,11588800,43,1461851435,A polyglot's guide to multiple dispatch – part 4,story,http://eli.thegreenplace.net/2016/a-polyglots-guide-to-multiple-dispatch-part-4/
vanderZwan,21,11587952,93,1461842904,Rebol vs. Lisp Macros,story,http://blog.hostilefork.com/rebol-vs-lisp-macros/
Osiris30,147,11587260,122,1461832227,How Cheap Can Electric Vehicles Get?,story,http://rameznaam.com/2016/04/12/how-cheap-can-electric-vehicles-get/
prismatic,14,11566812,42,1461613705,The strange case of the Venus in a box,story,http://bat-bean-beam.blogspot.com/2016/04/the-strange-case-of-venus-in-box.html
pepy,87,11588698,93,1461850720,The Case Against Reality,story,http://www.theatlantic.com/science/archive/2016/04/the-illusion-of-reality/479559/?single_page=true
otoolep,0,11591404,5,1461872320,"If cryonics suddenly worked, we'd need to face the fallout",story,http://www.bbc.com/future/story/20160424-if-cryonics-suddenly-worked-wed-need-to-face-the-fallout
tosseraccount,124,11589373,142,1461855873,Benefits of 1 Minute of All-Out Effort during Exercise,story,http://well.blogs.nytimes.com/2016/04/27/1-minute-of-all-out-exercise-may-equal-45-minutes-of-moderate-exertion/
melor,13,11588305,60,1461846885,PGHoard: Tools for making PostgreSQL backups to cloud object storages,story,http://blog.aiven.io/2016/04/postgresql-cloud-backups-with-pghoard.html
lermontov,7,11584278,34,1461789148,Trains in Space,story,http://www.lrb.co.uk/v38/n09/james-meek/trains-in-space
rezist808,143,11586796,121,1461823314,End of Golden Era for Investors Spells Troubles,story,http://www.bloomberg.com/news/articles/2016-04-27/be-afraid-be-very-afraid-if-you-re-investing-for-the-long-run
kareemsabri,21,11588182,33,1461845391,"Show HN: EverActiv, an ML personal trainer for iPhone",story,http://appstore.com/everactiv
51zero,30,11587178,67,1461830804,Google Reveals Its Cloud Computing Vision,story,http://www.51zero.com/blog/google-reveals-its-cloud-computing-vision
henrik_w,10,11587174,57,1461830708,Learning from Your Bugs,story,https://henrikwarne.com/2016/04/28/learning-from-your-bugs/
ingve,18,11587596,49,1461837689,Custom Deleters for C++ Smart Pointers,story,http://www.bfilipek.com/2016/04/custom-deleters-for-c-smart-pointers.html
Osiris30,4,11590619,10,1461865417,World's Latest 8MW Windmills Now Make Jumbo Jets Look Tiny,story,http://www.bloomberg.com/news/features/2016-04-28/world-s-biggest-windmills-now-make-jumbo-jets-look-tiny
osivertsson,2,11591470,10,1461873083,VW and Shell try to block EU push for electric cars,story,http://www.theguardian.com/environment/2016/apr/28/vw-and-shell-try-to-block-eu-push-for-cleaner-cars
aethr,38,11585662,377,1461802022,Rube Goldberg machine in HTML forms,story,http://sebastianlyserena.dk/
molecule,0,11591535,6,1461873783,UC Davis Chancellor Removed After School Paid to Scrub Negative Search Results,story,http://talkingpointsmemo.com/news/us-davis-chancellor-removed-negative-search-results
specialdragon,26,11587170,39,1461830668,Littergram: Cleaning Britain one picture at a time,story,http://www.littergram.co.uk/
benbreen,44,11586061,51,1461807958,Weeding the Worst Library Books,story,http://www.newyorker.com/books/page-turner/weeding-the-worst-library-books
hvo,99,11590421,121,1461863707,Suspect jailed indefinitely for refusing to decrypt hard drives,story,http://arstechnica.co.uk/tech-policy/2016/04/child-porn-suspect-jailed-for-7-months-for-refusing-to-decrypt-hard-drives/
gortok,44,11588135,119,1461844846,Lawyer Submits Brief Partially in Klingon for Paramount Language Lawsuit,story,https://drive.google.com/file/d/0BzmetJxi-p0VM19nbUpyNXE0a28/view
steveklabnik,151,11581681,717,1461773231,Introducing MIR,story,http://blog.rust-lang.org/2016/04/19/MIR.html
rbinv,28,11587124,68,1461829970,You Could Almost Do Anything Pt. III,story,http://www.elischiff.com/blog/2016/4/27/do-anything-iii
lpman,4,11589110,14,1461853952,The Next Big Deal,story,https://mastermind.atavist.com/the-next-big-deal
enlightenedfool,108,11585156,334,1461796471,Email privacy bill unanimously passes U.S. House,story,http://www.reuters.com/article/us-usa-congress-email-idUSKCN0XO1J7
sharkweek,3,11591038,10,1461869034,"A poem about Silicon Valley, assembled from Quora questions about Silicon Valley",story,http://fusion.net/story/295515/quora-poetry-silicon-valley/
viktorelofsson,24,11587039,35,1461828323,Show HN: PicoTorrent 0.10 released – WebSocket API included,story,https://github.com/picotorrent/picotorrent/releases/tag/v0.10.0
irenetrampoline,80,11583900,429,1461786573,CV of Failures [pdf],story,https://www.princeton.edu/~joha/Johannes_Haushofer_CV_of_Failures.pdf
fekberg,182,11580217,557,1461763825,Xamarin Open-Sourced,story,http://open.xamarin.com/
osks,33,11586785,95,1461823094,Docker on Windows Server 2016 Technical Preview 5,story,https://blog.docker.com/2016/04/docker-windows-server-tp5/
jonbaer,121,11584702,251,1461792394,Traffic to Wikipedia terrorism entries plunged after Snowden revelations,story,http://www.reuters.com/article/us-wikipedia-usage-idUSKCN0XO080?feedType=RSS&feedName=topNews
wglb,0,11588946,8,1461852503,The road to hell is paved with SAML Assertions,story,http://www.economyofmechanism.com/office365-authbypass.html
cpeterso,220,11582605,479,1461778685,SpaceX plans to debut Red Dragon with 2018 Mars mission,story,https://www.nasaspaceflight.com/2016/04/spacex-debut-red-dragon-2018-mars-mission/
ca98am79,9,11590741,23,1461866533,I Want Your Email Address,story,http://www.moneylab.co/email/
netinstructions,149,11583008,350,1461780838,Never trust the client,story,http://gafferongames.com/2016/04/25/never-trust-the-client/
thebent,5,11590781,8,1461866818,How Prince Got the Media to Use His Custom Symbol Ƭ̵̬̊,story,http://www.fastcodesign.com/3059340/asides/how-prince-got-the-media-to-use-his-custom-symbol
miraj,28,11583829,236,1461786003,Japanese Priests Collected Almost Seven Centuries of Climate Data,story,http://www.smithsonianmag.com/smart-news/japanese-priests-collected-almost-seven-centuries-climate-data-180958929/?no-ist
akyall,0,11591417,3,1461872481,Stop Saying Facebook Tweaked Its Algorithm,story,http://www.theatlantic.com/technology/archive/2016/04/go-tweak-yourself-facebook/480258/?single_page=true
ghosh,56,11586614,90,1461819155,An AI First World,story,http://avc.com/2016/04/an-ai-first-world/
ingve,102,11579428,498,1461756791,Compiling an application for use in highly radio-active environments,story,http://stackoverflow.com/q/36827659/563941
fomoz,35,11586566,33,1461817940,The Case for the PS4K,story,http://www.gamasutra.com/blogs/DavidGalindo/20160422/271014/The_Case_for_the_PS4K.php
pbhowmic,0,11590472,7,1461864115,Where Do the Terms Nerd and Geek Come From?,story,http://www.britannica.com/story/where-do-the-terms-nerd-and-geek-come-from
jrbedard,17,11585378,64,1461798806,Public VR Critique #1: Nighttime Terror,story,https://developer.oculus.com/blog/public-vr-critique-1-nighttime-terror/
muricula,11,11587167,25,1461830652,The Science of Cycology,story,https://www.liverpool.ac.uk/~rlawson/cycleweb.html
nomoba,4,11589985,12,1461860764,"New Study Shows Mass Surveillance Breeds Meekness, Fear and Self-Censorship",story,https://theintercept.com/2016/04/28/new-study-shows-mass-surveillance-breeds-meekness-fear-and-self-censorship/
netinstructions,18,11582345,326,1461777148,"OpenAI Gym: Toolkit for developing, comparing reinforcement learning algorithms",story,https://gym.openai.com/
redcodenl,79,11588927,52,1461852356,Deprecating: java.util.Optional.get()?,story,http://royvanrijn.com/blog/2016/04/deprecating-optional-get/
Tomte,30,11586448,84,1461815130,How to read a patent in 60 seconds (2010),story,http://www.danshapiro.com/blog/2010/09/how-to-read-a-patent-in-60-second/
jordigh,176,11572516,445,1461683487,Chez Scheme is now free,story,https://github.com/cisco/ChezScheme
akras14,195,11586779,181,1461822970,What is the best part about being a Software Engineer?,story,http://www.alexkras.com/what-is-the-best-part-about-being-a-software-engineer/
andreywww,31,11589703,18,1461858300,Silicon Valley engineer negotiated a starting salary from 120k to 250k,story,http://www.businessinsider.com/silicon-valley-engineer-negotiated-a-starting-salary-from-120k-to-250k-in-just-a-few-weeks-2016-4
adventured,0,11590828,4,1461867214,Larry Summers joins Bitcoin firm as a senior advisor,story,http://finance.yahoo.com/news/larry-summers-joins-barry-silbert-bitcoin-investment-firm-digital-currency-group-as-senior-advisor-161613775.html
chris-at,4,11588632,30,1461850263,Apple's iTunes is 13 years old–and it’s still awful,story,http://qz.com/666078/itunes-is-13-years-old-today-and-its-still-awful/
mark_l_watson,0,11591149,6,1461870021,Artificial intelligence now fits inside a USB stick,story,http://www.engadget.com/2016/04/28/movidius-fathom-neural-compute-stick/
spuiszis,109,11583108,153,1461781421,FBI Makes Official Its Decision to Keep Apple iPhone Hack Secret,story,http://www.bloomberg.com/politics/articles/2016-04-27/fbi-makes-official-its-decision-to-keep-apple-iphone-hack-secret
JoshGlazebrook,157,11574705,721,1461698043,Node.js v6.0 Released,story,https://nodejs.org/en/blog/announcements/v6-release/?release
_ak,114,11586804,99,1461823478,"Hire characters, not skill sets. My most important questions in interviews",story,http://voss.world/hire-characters-not-skill-sets-my-most-important-questions-in-interviews/
craigkerstiens,23,11583183,211,1461781763,Postgraphql: A GraphQL schema created by reflection over a PostgreSQL schema,story,https://github.com/calebmer/postgraphql
mkagenius,133,11578240,388,1461738576,The FBI faked an entire field of forensic science (2015),story,http://www.slate.com/articles/news_and_politics/jurisprudence/2015/04/fbi_s_flawed_forensics_expert_testimony_hair_analysis_bite_marks_fingerprints.html
ahmad19526,77,11583480,175,1461783510,"At Chobani, Now It’s Not Just the Yogurt That’s Rich",story,http://www.nytimes.com/2016/04/27/business/a-windfall-for-chobani-employees-stakes-in-the-company.html?_r=0
ucha,2,11588151,14,1461845009,Yahoo's $8 Billion Black Hole,story,http://www.bloomberg.com/features/2016-yahoo/
robin_reala,0,11588660,3,1461850468,[openssl-announce] Forthcoming OpenSSL releases,story,https://mta.openssl.org/pipermail/openssl-announce/2016-April/000069.html
k__,4,11589988,8,1461860775,CEO tests “crazy” genetic therapy on herself,story,http://arstechnica.com/science/2016/04/ceo-tests-crazy-genetic-therapy-on-herself-claims-it-added-20-years-of-life/
dahjelle,68,11583898,141,1461786558,Kraken: 3x faster decompression than zlib,story,http://www.radgametools.com/oodlewhatsnew.htm
based2,42,11584726,98,1461792646,UDP for games – encryption and DDoS protection,story,http://ithare.com/udp-for-games-security-encryption-and-ddos-protection/
anakic,108,11583488,214,1461783554,ThingieQuery: $19 SQL IDE for Excel,story,http://www.thingiequery.com/
goblin89,9,11583368,85,1461782790,Sketch Simplification: Fully Convolutional Networks for Rough Sketch Cleanup,story,http://www.creativeai.net/posts/mTSh873ex4Gag5BEw/sketch-simplification-fully-convolutional-networks-for-rough
weatherlight,22,11583852,124,1461786220,How Erlang does scheduling (2013),story,http://jlouisramblings.blogspot.com/2013/01/how-erlang-does-scheduling.html
Garbage,48,11582515,120,1461778160,Google Calendar for Android: Find a time for my meeting,story,https://gmail.googleblog.com/2016/04/google-calendar-for-android-find-time.html
acalmon,528,11575497,382,1461703786,"iPhone Sales Drop, and Apple’s 13-Year Surge Ebbs",story,http://www.nytimes.com/2016/04/27/technology/apple-q2-earnings-iphone.html
finnn,1,11590441,7,1461863888,We’re Going HTTPS: Here’s How WIRED Is Tackling a Huge Security Upgrade,story,https://www.wired.com/2016/04/wired-launching-https-security-upgrade/
cm3,47,11584134,107,1461788127,OCaml 4.03.0 released (including flambda),story,https://sympa.inria.fr/sympa/arc/caml-list/2016-04/msg00075.html
mattiemass,160,11579021,253,1461751121,Future Screens Are Mostly Blue,story,http://99percentinvisible.org/episode/future-screens-are-mostly-blue/
maguay,288,11570888,736,1461669679,Dropbox Project Infinite,story,https://blogs.dropbox.com/business/2016/04/announcing-project-infinite/
brtkbrtk,25,11579506,125,1461757653,Inside OpenAI,story,http://www.wired.com/2016/04/openai-elon-musk-sam-altman-plan-to-set-artificial-intelligence-free/
luso_brazilian,0,11589763,7,1461858758,Windows 10 Upgrade Prompt Interrupts Meteorologist’s Weathercast,story,http://hothardware.com/news/microsofts-naggy-windows-10-upgrade-prompt-interrupts-meteorologists-weathercast
tambourine_man,146,11572146,466,1461680992,Mosh: the mobile shell,story,https://mosh.mit.edu/
r0muald,94,11579299,147,1461754631,"German nuclear plant infected with computer viruses, operator says",story,http://www.reuters.com/article/us-nuclearpower-cyber-germany-idUSKCN0XN2OS
labster,0,11587859,21,1461841696,Who Will Debunk the Debunkers?,story,http://fivethirtyeight.com/features/who-will-debunk-the-debunkers/
chishaku,27,11582713,60,1461779315,"Bill Gates, Washington State, and the Nuisance of Democracy",story,https://nonprofitquarterly.org/2016/04/11/charitable-plutocracy-bill-gates-washington-state-and-the-nuisance-of-democracy/
curiousgal,1,11580402,27,1461765048,"Qatar National Bank is allegedly hacked, data of 1200 entities leaked",story,http://www.middleeasteye.net/news/qatar-national-bank-allegedly-hacked-data-1200-entities-leaked-online-1642830110
szczys,39,11582642,77,1461778917,Searching for USB Power Supplies That Won't Explode,story,http://hackaday.com/2016/04/27/searching-for-usb-power-supplies-that-wont-explode/
om2,72,11576700,303,1461714224,WebKit is moving away from prefixes,story,https://webkit.org/blog/6131/updating-our-prefixing-policy/
danners,0,11583410,50,1461783009,Exploring Qualcomm's Secure Execution Environment,story,http://bits-please.blogspot.com/2016/04/exploring-qualcomms-secure-execution.html
TravelTechGuy,8,11589030,10,1461853267,Is the $400B F-35's 'brain' broken?,story,http://www.cnn.com/2016/04/21/politics/f-35-software-system-gao-report/index.html
szczys,3,11589022,13,1461853212,The MakerBot Obituary,story,http://hackaday.com/2016/04/28/the-makerbot-obituary/
mcspecter,0,11586233,12,1461810778,"Claude Shannon: Tinkerer, Prankster, and Father of Information Theory",story,http://spectrum.ieee.org/computing/software/claude-shannon-tinkerer-prankster-and-father-of-information-theory
mijustin,1,11589828,6,1461859248,API's dirty little secret,story,https://medium.com/every-developer/apis-dirty-little-secret-24ad7deda1c4#.jja1x6yvu
phodo,124,11583268,100,1461782285,Elon Musk Supports His Business Empire with Unusual Financial Moves,story,http://www.wsj.com/articles/elon-musk-supports-his-business-empire-with-unusual-financial-moves-1461781962
jseliger,134,11582958,105,1461780551,One Regulation Is Painless – A Million of Them Hurt,story,http://www.bloombergview.com/articles/2016-04-27/one-regulation-is-painless-a-million-of-them-hurt
sixwing,115,11576941,275,1461716590,Heroku Kafka,story,https://www.heroku.com/kafka
sdneirf,115,11574768,253,1461698566,Mitsubishi: We've been cheating on fuel tests for 25 years,story,http://money.cnn.com/2016/04/26/news/companies/mitsubishi-cheating-fuel-tests-25-years/index.html
Thevet,3,11586073,11,1461808154,The Oaxaca Incident,story,http://chronicle.com/article/The-Oaxaca-Incident/236257?key=yawieID-d2faFGlX3Qz3Bvl9g9ubblT7rIsAbUZf5ZZoWHoyMlJOUXVFZ3J6UTF2cEY4STZVRDJ2Wm9yZFZxUV96c015QkNOaGpn
hepha1979,180,11567135,823,1461616606,BYOT: Bring your own team,story,https://stripe.com/blog/bring-your-own-team
plamb,0,11582405,32,1461777524,"Pivotal Spinoff SnappyData, OLTP/OLAP database built on Spark, Raises $3.65M",story,http://fortune.com/2016/04/27/pivotal-spinoff-snappydata/
advisedwang,0,11586590,6,1461818457,"Life with Crypto Backdoors: Stingrays, Government Surveillance and Crime",story,https://david.newgas.net/life-with-crypto-backdoors-stingrays-government-surveillance-and-crime/
xatxat,100,11588540,28,1461849463,Proposed JavaScript Standard Style,story,https://github.com/feross/standard
peterjancelis,42,11580493,136,1461765747,Shopify Capital,story,https://www.shopify.com/capital
tokenadult,52,11581093,76,1461769964,Theranos and the Blood-Testing Delusion,story,http://www.bloombergview.com/articles/2016-04-27/theranos-and-the-blood-testing-delusion
edelsohn,163,11579676,274,1461759465,GCC 6.1 Released,story,https://gcc.gnu.org/ml/gcc/2016-04/msg00244.html
rottencupcakes,454,11568699,446,1461633114,"The driverless truck is coming, and it’s going to automate millions of jobs",story,http://techcrunch.com/2016/04/25/the-driverless-truck-is-coming-and-its-going-to-automate-millions-of-jobs/
eadz,262,11584143,273,1461788175,Note from Mark Zuckerberg,story,http://newsroom.fb.com/news/2016/04/marknote/
13of40,2,11589894,5,1461859892,The other white powder that can kill you,story,http://www.thedailybeast.com/articles/2016/04/28/the-other-white-powder-that-can-kill-you.html?utm_source=fark&utm_medium=website&utm_content=link
dedalus,12,11584942,42,1461794527,CMS Pipelines,story,https://en.wikipedia.org/wiki/CMS_Pipelines
hunglee2,166,11563378,485,1461579673,Do not talk about pricing,story,https://medium.com/fluxx-studio-notes/the-first-rule-of-pricing-is-you-do-not-talk-about-pricing-1875caa39b89#.de5evml08
revorad,81,11571756,354,1461678231,Elixir RAM and the Template of Doom,story,http://www.evanmiller.org/elixir-ram-and-the-template-of-doom.html
CapitalistCartr,27,11580813,55,1461768152,Stanford archaeologist traces the origins of authority to the Andes of Peru,story,https://news.stanford.edu/2016/04/25/stanford-archaeologist-traces-origins-authority-andes-peru/
morisy,0,11589745,8,1461858667,The Movie-Based Terminal Effect Not yet Recreated by Hackers,story,https://medium.com/@bartobri/the-movie-based-terminal-effect-not-yet-recreated-by-hackers-46e9ca241bc9#.5lp2h1lb4
haraball,5,11587877,13,1461841947,How Project Management tools kill more companies than any other SaaS out there,story,https://medium.com/@orenellenbogen/how-project-management-tools-kill-more-companies-than-any-other-saas-out-there-8d25aa077e22#.budo54yoq
AndrewDucker,102,11570702,231,1461666835,Lionsgate is making its films available on Steam,story,http://www.gadgette.com/2016/04/26/lionsgate-is-making-its-films-available-on-steam/
EvanYou,45,11582441,165,1461777722,Announcing Vue.js 2.0,story,https://medium.com/the-vue-point/announcing-vue-js-2-0-8af1bde7ab9#.t4ssx4l9s
remy_,33,11580323,59,1461764525,Show HN: Passbolt – open-source password manager for teams,story,https://www.passbolt.com/
stared,0,11588067,6,1461844300,Neuroscientists create ‘atlas’ showing how words are organised in the brain,story,https://www.theguardian.com/science/2016/apr/27/brain-atlas-showing-how-words-are-organised-neuroscience
nergal,22,11578184,85,1461737759,Show HN: Raspberry Pi3 cluster with Docker/Kubernetes,story,http://www.sweclockers.com/galleri/13818-raspberry-pi-cluster
krat0sprakhar,27,11577585,135,1461726351,Show HN: Hindley-Milner Type Inference Algorithm in OCaml,story,https://github.com/prakhar1989/type-inference#hindley-milner-type-inference
chris-at,92,11578191,260,1461737841,"GitHub has 11,995,200 open issues",story,https://github.com/issues?utf8=%E2%9C%93&q=is%3Aopen+is%3Aissue+
steven,125,11589317,75,1461855448,Real story of “Yelp Girl” who called out CEO for low pay,story,https://backchannel.com/yelp-raises-wages-after-talia-janes-viral-open-letter-673ac01bf7cb#.t92c6xh8o
otoolep,19,11576540,65,1461712487,"Show HN: rqlite v2.2.2, replicating SQLite via Raft consensus",story,https://github.com/rqlite/rqlite
Wonnk13,185,11582616,138,1461778762,The F-35’s Software Is So Buggy It Might Ground the Whole Fleet,story,http://motherboard.vice.com/read/the-f-35s-software-is-so-buggy-it-might-ground-the-whole-fleet
abhi3,81,11576173,128,1461708868,VW Presentation in 2006 Showed How to Foil Emissions Tests,story,http://www.nytimes.com/2016/04/27/business/international/vw-presentation-in-06-showed-how-to-foil-emissions-tests.html?smid=tw-share&_r=1
aburan28,9,11578129,38,1461737008,Apple Legal Process Guidelines [pdf],story,http://www.apple.com/legal/privacy/law-enforcement-guidelines-us.pdf
CapitalistCartr,0,11589447,3,1461856427,The World’s Hugest Jet Engine Is Wider Than a 737’s Fuselage,story,http://www.wired.com/2016/04/worlds-hugest-jet-engine-wider-737s-fuselage/
williamhpark,8,11579710,63,1461759723,"The invisible language of trains, boats, and planes",story,http://www.bbc.com/future/story/20160426-the-invisible-language-of-trains-boats-and-planes
d2p,305,11575155,455,1461701236,Have Software Developers Given Up?,story,http://blog.dantup.com/2016/04/have-software-developers-given-up/
anttiviljami,0,11589442,3,1461856380,Homemade Hoverbike,story,https://www.youtube.com/watch?v=soxxPyaAT1k
ingve,5,11576139,45,1461708625,How JPG Works,story,https://medium.com/@duhroach/how-jpg-works-a4dbd2316f35
stared,151,11563092,498,1461573284,Half Your Brain Stands Guard When Sleeping in a New Place,story,http://www.npr.org/sections/health-shots/2016/04/21/474691141/half-your-brain-stands-guard-when-sleeping-in-a-new-place
japaget,33,11575608,122,1461704608,Hubble Discovers Moon Orbiting the Dwarf Planet Makemake,story,https://www.nasa.gov/feature/goddard/2016/hubble-discovers-moon-orbiting-the-dwarf-planet-makemake
baazaar,5,11583571,40,1461784113,Troubled Times Ahead for Supercomputers,story,http://www.ecnmag.com/news/2016/04/troubled-times-ahead-supercomputers
noamhendrix,39,11583469,42,1461783399,Is the U.S. Ready for Post-Middle-Class Politics?,story,http://www.nytimes.com/2016/05/01/magazine/is-the-us-ready-for-post-middle-class-politics.html
apsec112,314,11562414,723,1461555150,Dark Patterns by the Boston Globe,story,https://rationalconspiracy.com/2016/04/24/dark-patterns-by-the-boston-globe/
ivank,169,11576527,267,1461712307,Xi editor: A modern editor with a backend written in Rust,story,https://github.com/google/xi-editor
sachkris,25,11578604,58,1461744660,Devastating wheat fungus appears in Asia for first time,story,http://www.nature.com/news/devastating-wheat-fungus-appears-in-asia-for-first-time-1.19820
aorth,310,11566720,358,1461612913,Homebrew now sends usage information to Google Analytics,story,https://github.com/Homebrew/brew/blob/master/share/doc/homebrew/Analytics.md
anirudh24seven,10,11578844,76,1461748651,VIVE X: HTC's Accelerator for VR Startups,story,http://www.htcvive.com/us/vivex/index.php
allenleein,0,11587914,7,1461842502,How to Become Great at Just About Anything,story,http://freakonomics.com/podcast/peak/
simon04,40,11579148,69,1461752530,Firefox 46 supports some -webkit prefixed CSS properties,story,https://developer.mozilla.org/en-US/Firefox/Releases/46
sfcscoffee,23,11579755,202,1461760176,"My Favorite Programming, Computer and Science Books: Part Five",story,http://www.catonmat.net/blog/top-100-books-part-5
eliotpeper,0,11583396,13,1461782925,Tech is reshaping real estate brokerage,story,https://cre.tech/real-estate-brokers-going-way-blockbuster-video/
buro9,200,11581013,158,1461769470,"Hidden motors in cycling: Van den Dreissche banned for 6 years, titles stripped",story,http://cyclingtips.com/2016/04/hidden-motors-van-den-dreissche-banned-for-six-years-stripped-of-european-and-belgian-under-23-titles/
oli5679,93,11579066,82,1461751541,Leicester City: Dirty Dozen or Harvard Case Study?,story,http://www.bloombergview.com/articles/2016-04-26/leicester-city-dirty-dozen-or-harvard-case-study
ingve,297,11567442,303,1461619160,Docker for Mac Beta Review,story,https://medium.com/@nzoschke/docker-for-mac-beta-review-b91692289eb5
ingve,2,11584342,8,1461789650,A Hierarchy of Needs for Software Development,story,https://spin.atomicobject.com/2016/04/27/software-development-hierarchy-of-needs/
akg_67,147,11578370,105,1461740623,Japan's Growing Poverty Defies Glib Explanations,story,http://www.bloombergview.com/articles/2016-04-26/japan-s-growing-poverty-defies-glib-explanations
kawera,67,11565691,402,1461604535,Uncanny Valley,story,https://nplusonemag.com/issue-25/on-the-fringe/uncanny-valley/
JackPoach,0,11588885,3,1461852038,Money makes people right-wing and inegalitarian,story,http://voxeu.org/article/money-makes-people-right-wing-and-inegalitarian
nkurz,222,11568385,204,1461629162,"After Netflix crackdown on border-hopping, Canadians ready to return to piracy",story,http://www.cbc.ca/news/business/netflix-piracy-content-vpn-1.3548476
jstanley,29,11579309,47,1461754902,How to defeat naive image steganography,story,http://incoherency.co.uk/blog/stories/image-steganography.html
lelf,140,11565911,345,1461606396,Gentoo Tesla – T2 Edition,story,http://www.su-tesla.space/2016/04/gentoo-tesla-t2-edition.html
fhoffa,12,11575139,131,1461701067,"Capacitor, BigQuery’s next-generation columnar storage format",story,https://cloud.google.com/blog/big-data/2016/04/inside-capacitor-bigquerys-next-generation-columnar-storage-format
ot,1,11576942,24,1461716613,Cpustat: high frequency performance measurements for Linux,story,https://github.com/uber-common/cpustat
hvo,133,11579334,106,1461755297,Don’t Blame Silicon Valley for Theranos,story,http://www.nytimes.com/2016/04/27/opinion/dont-blame-silicon-valley-for-theranos.html?action=click&pgtype=Homepage&version=Moth-Visible&moduleDetail=inside-nyt-region-1&module=inside-nyt-region&region=inside-nyt-region&WT.nav=inside-nyt-region&_r=0
doppp,51,11577261,80,1461721495,CMU’s computer science dean on its poaching problem,story,http://techcrunch.com/2016/04/26/it-isnt-just-uber-carnegie-mellons-computer-science-dean-on-its-poaching-problem/
jwblackwell,199,11570763,147,1461667733,Singapore Is Taking the ‘Smart City’ to a New Level,story,http://www.wsj.com/articles/singapore-is-taking-the-smart-city-to-a-whole-new-level-1461550026
state_machine,104,11574215,113,1461694039,MakerBot Is Outsourcing Its Brooklyn Manufacturing Jobs to China,story,http://www.makerbot.com/blog/2016/04/25/makerbot-partners-with-contract-manufacturer-to-increase-production-flexibility
dbcooper,0,11588685,8,1461850649,AbbVie Buys Cancer Drug Startup Stemcentrx for $10.2B,story,http://fortune.com/2016/04/28/abbvie-stemcentx/
ozdave,58,11573172,145,1461687685,The End of Numeric Error: An interview with John L. Gustafson,story,http://ubiquity.acm.org/article.cfm?id=2913029
njaremko,181,11575550,101,1461704222,Intel Proposes to Use USB Type-C Digital Audio Technology,story,http://www.anandtech.com/show/10273/intel-proposes-to-use-usb-typec-cables-to-connect-headsets-to-mobile-devices
state,45,11583644,38,1461784620,Texting and Driving? Watch Out for the Textalyzer,story,http://www.nytimes.com/2016/04/28/science/driving-texting-safety-textalyzer.html
fludlight,60,11582680,58,1461779140,Everyone in California wants to be the last new resident in their neighborhood,story,http://ochousingnews.com/blog/everyone-wants-to-be-the-last-new-resident-in-the-neighborhood/
allthingsapi,28,11583377,26,1461782819,Why isn't your API specification public?,story,http://www.apiful.io/intro/2016/04/26/where-is-the-spec.html
pauldelany,1,11583320,8,1461782580,Neuroscientists create interactive model of word-to-brain-region mapping,story,http://gallantlab.org/huth2016/
gwintrob,0,11583244,7,1461782133,The Zen of Tomasz Tunguz,story,https://mixpanel.com/blog/2016/04/26/the-zen-of-tomasz-tunguz
ingve,20,11578317,58,1461739744,Experimental Qt and QML in the browser,story,http://dragly.org/2016/04/27/experimental-qt-and-qml-in-the-browser/
micahalles,28,11573213,143,1461687946,"Go Home Swift Compiler, You’re Drunk",story,https://spin.atomicobject.com/2016/04/26/swift-long-compile-time/
aleksi,311,11547212,1589,1461302417,A Protocol for Dying,story,http://hintjens.com/blog:115
conductor,39,11575402,76,1461702964,Nginx v1.10.0 Stable Version Released,story,http://nginx.org/en/download.html
emeraldd,10,11583366,20,1461782779,A-10s and F-35s Working Together to Save Downed Pilots,story,https://warisboring.com/a-10s-and-f-35s-working-together-to-save-downed-pilots-9efc7f7dc576#.3epu6scp9
adventured,0,11588381,5,1461847727,Startup that thinks it's found a new treatment for cancer got bought for $5.8b,story,http://www.businessinsider.com/stemcentrx-acquired-by-abbvie-2016-4
elorant,104,11561331,365,1461531146,Personal info of 93M Mexicans exposed on AWS,story,http://www.databreaches.net/personal-info-of-93-4-million-mexicans-exposed-on-amazon/
sjrd,4,11574745,31,1461698320,Scala on Tessel 2 via Scala.js,story,http://blog.bruchez.name/2016/04/scala-on-tessel-2.html
joshjkim,46,11574654,71,1461697703,Leaked Postmates financials suggest company might be doing better than thought,story,http://techcrunch.com/2016/04/25/leaked-postmates-financials-suggest-company-might-be-doing-better-than-everyone-thought/
anishathalye,75,11564712,284,1461597198,Dropbox as a Git Server,story,http://www.anishathalye.com/2016/04/25/dropbox-as-a-true-git-server/
anthotny,88,11573830,106,1461691659,What Do You Do with 120-Sided Dice?,story,http://www.newyorker.com/tech/elements/the-dice-you-never-knew-you-needed
Ovid,449,11548816,854,1461330675,The average size of Web pages is now the average size of a Doom install,story,https://mobiforge.com/research-analysis/the-web-is-doom
etimberg,78,11563714,329,1461586572,Chart.js 2.0 Released,story,http://www.chartjs.org/
sahat,637,11579757,360,1461760218,Hiring Is Broken – My interview experience in the tech industry,story,https://medium.com/@evnowandforever/f-you-i-quit-hiring-is-broken-bb8f3a48d324#.yankhfx9h
ingve,117,11563389,202,1461579807,Email Isn’t the Thing We’re Bad At,story,https://glyph.twistedmatrix.com/2016/04/email-isnt-the-problem.html
jonbaer,0,11587630,4,1461838129,First 3-D-Printed Superconducting Cavity,story,https://www.technologyreview.com/s/601343/first-3-d-printed-superconducting-cavity/
highd,5,11572599,78,1461684081,A Different Approach to Low-Rank Matrix Completion,story,http://www.highdimensionality.com/2016/04/24/a-different-approach-to-low-rank-matrix-completion/
jonbaer,1,11587598,6,1461837703,FPGA-driven board is an Arduino Uno clone on steroids,story,http://hackerboards.com/fpga-driven-board-is-like-an-arduino-uno-on-steroids/
msie,39,11568389,150,1461629193,Let Chris Crawford teach you to program Atari's 8-bit computers [video],story,http://www.gamasutra.com/view/news/271277/Let_Chris_Crawford_teach_you_to_program_Ataris_8bit_computers.php
yoda_sl,78,11571969,115,1461679757,Withings acquired by Nokia,story,http://www.withings.com/us/en/withings-nokia
jsnell,60,11563516,284,1461582964,Programming blogs,story,http://danluu.com/programming-blogs/
merraksh,97,11571322,126,1461674621,“American Scientist” Understands Nothing about the Traveling Salesman Problem,story,http://mat.tepper.cmu.edu/blog/?p=8376
mkobit,37,11574487,137,1461696257,Jenkins 2.0 is here,story,https://jenkins.io/blog/2016/04/26/jenkins-20-is-here/
brudgers,3,11582816,12,1461779754,Chasing the light: Photographer fights to preserve young lives in face of death,story,http://www.tampabay.com/features/humaninterest/chasing-the-light-photographer-learns-to-capture-the-moments-before-life/2274887
twoshedsmcginty,29,11575750,20,1461705667,China demonstrates new anti-riot robot,story,https://thestack.com/world/2016/04/26/china-anbot-robocop-police/
slackpad,29,11561770,368,1461539194,How Kalman Filters Work,story,http://www.anuncommonlab.com/articles/how-kalman-filters-work/
robin_reala,75,11570409,101,1461662162,Firefox and Thunderbird: A Fork in the Road,story,https://marksurman.commons.ca/2016/04/25/firefox-and-thunderbird-a-fork-in-the-road/
svenfaw,10,11582557,12,1461778418,A strange Firefox address bar behavior,story,http://hexatomium.github.io/2016/04/26/gogoogle/
ingve,18,11571451,87,1461675802,A polyglot's guide to multiple dispatch – part 3,story,http://eli.thegreenplace.net/2016/a-polyglots-guide-to-multiple-dispatch-part-3/
haberman,53,11565036,192,1461599560,GPUCC – An Open-Source GPGPU Compiler,story,http://research.google.com/pubs/pub45226.html
sebg,24,11569648,113,1461648766,Grafi.js – JavaScript Image Processing Library,story,http://grafijs.org/
evo_9,0,11585048,19,1461795460,Game Critic Uses Brilliant Workaround for YouTube's Copyright Bullshit,story,http://kotaku.com/game-critic-uses-brilliant-workaround-for-youtubes-copy-1773452452
rajathagasthya,2,11587917,5,1461842522,Volvo Engineer Calls Out Tesla for Dangerous 'Wannabe' Autopilot System,story,http://jalopnik.com/volvo-engineer-calls-out-tesla-for-dangerous-wannabe-au-1773519459
betolink,0,11576932,14,1461716432,The Arctic is melting – and scientists just lost a key tool to observe it,story,https://www.washingtonpost.com/news/energy-environment/wp/2016/04/25/the-arctic-is-melting-and-scientists-just-lost-a-key-tool-to-observe-it/
doener,4,11571426,28,1461675613,OpenBSD: This change randomizes the order of symbols in libc.so at boot time,story,https://marc.info/?l=openbsd-tech&m=146159002802803&w=2
frostmatthew,222,11560147,405,1461514263,The Science of Making Friends,story,http://www.wsj.com/articles/the-science-of-making-friends-1460992572
btimil,71,11574715,310,1461698108,‘Laws’ of Software Development,story,http://www.exceptionnotfound.net/fundamental-laws-of-software-development/
adamnemecek,21,11565720,187,1461604757,RouterSploit – Router Exploitation Framework,story,https://github.com/reverse-shell/routersploit
yoda_sl,8,11584109,18,1461787943,Facebook Reports Q1 2016 Results and Announces Proposal for New Class of Stock,story,http://investor.fb.com/releasedetail.cfm?ReleaseID=967167
mariuz,41,11570348,181,1461661170,SQL Tricks,story,https://blog.jooq.org/2016/04/25/10-sql-tricks-that-you-didnt-think-were-possible/
georgecmu,27,11581165,43,1461770390,Facial recognition service becomes a weapon against Russian porn actresses,story,http://arstechnica.co.uk/tech-policy/2016/04/facial-recognition-findface-used-against-russian-porn-actresses/
bartkappenburg,6,11586897,7,1461825424,Why It’s Impossible to Actually Be a Vegetarian,story,http://www.iflscience.com/editors-blog/why-it-s-impossible-actually-be-vegetarian
ingve,178,11570126,260,1461657117,O Reader My Reader – Remembering Google Reader,story,http://www.theawl.com/2016/04/o-reader-my-reader
laurex,0,11586840,10,1461824430,Bizarre fourth state of water discovered,story,http://www.gizmag.com/fourth-state-of-water/42999/
jaertgeerts,3,11587179,5,1461830813,Wikipedia categorises Jogging as “Activities by jihadist groups”,story,https://en.wikipedia.org/wiki/Jogging
jl87,90,11539998,170,1461218867,The Epic Rise of John D. Rockefeller,story,http://thehustle.co/the-history-of-john-d-rockefeller-standard-oil
steven,30,11564332,45,1461594045,Amazon's Alexa is the new Vaudeville,story,https://medium.com/@loganhill33/amazon-s-echo-is-the-new-vaudeville-9fd11e80a99#.x1rce5vm4
jmadsen,12,11562973,139,1461570298,Dissecting a spammer's spam script,story,https://jelleraaijmakers.nl/2016/04/dissecting-spammers-spam-script
brhsiao,169,11569657,349,1461648884,The Al-Qaeda Leader Who Wasn’t: The Shameful Ordeal of Abu Zubaydah,story,http://www.tomdispatch.com/post/176132/tomgram%3A_rebecca_gordon%2C_exhibit_one_in_any_future_american_war_crimes_trial/
Tomte,126,11561340,263,1461531352,/dev/random – a new approach,story,http://lwn.net/Articles/684568/
lermontov,8,11575226,15,1461701722,Chernobyl's Literary Legacy,story,http://www.theatlantic.com/entertainment/archive/2016/04/chernobyls-literary-legacy/479769/?single_page=true
david90,46,11562805,224,1461566704,Leaf – Machine Learning for Hackers,story,http://autumnai.com/leaf/book/leaf.html
mkagenius,102,11559684,286,1461506102,Telomere lengthening via gene therapy in a human individual,story,http://www.neuroscientistnews.com/research-news/first-gene-therapy-successful-against-human-aging
zonotope,51,11560318,132,1461516590,What Happens When Baseball-Stats Nerds Run a Pro Team,story,http://www.nytimes.com/2016/04/24/opinion/sunday/what-happens-when-baseball-stats-nerds-run-a-pro-team.html
zirkonit,2,11583194,5,1461781809,"Show HN: Mr. Chatbot, a one-click e-commerce chatbot",story,http://www.mrchatbot.com
mariuz,13,11563475,112,1461582036,"Minecraft, Enhance :Using Neural Networks to Upscale and Stylize Pixel Art",story,https://nucl.ai/blog/enhance-pixel-art/
buro9,62,11579844,29,1461761051,Intel wants USB-C to replace the headphone jack,story,http://www.theverge.com/2016/4/27/11516410/intel-usb-c-audio-no-headphone-jack
0xmohit,56,11560122,295,1461513920,An integer formula for Fibonacci numbers,story,http://paulhankin.github.io/Fibonacci/
hsileng,2,11583950,23,1461786857,Child porn suspect jailed indefinitely for refusing to decrypt hard drives,story,http://arstechnica.com/tech-policy/2016/04/child-porn-suspect-jailed-for-7-months-for-refusing-to-decrypt-hard-drives/
mr_golyadkin,69,11566073,110,1461607634,DARPA Is Looking For the Perfect Encryption App,story,http://motherboard.vice.com/read/darpa-decentralized-blockchain-encryption-messaging-app
musha68k,8,11563532,62,1461583262,"Platform infrastructure for embedded Erlang/OTP, Elixir and LFE projects",story,https://github.com/nerves-project/nerves_system_br
blubbi2,2,11582909,10,1461780314,Require() broken in Node.js 6.0.0,story,https://github.com/nodejs/node/issues/3402#issuecomment-215166795
njaremko,60,11572270,71,1461681814,SpiderOak Encryptr – Zero-Knowledge Password Syncing,story,https://github.com/SpiderOak/Encryptr
ashitlerferad,15,11569348,26,1461643514,Using DNSSEC and DNSCrypt in Debian,story,http://feeding.cloud.geek.nz/posts/using-dnssec-and-dnscrypt-in-debian/
iamabhi9,4,11575184,22,1461701435,Rethinking Unix: A New Apropos Implementation from NetBSD,story,https://man-k.org/
RaSoJo,0,11586585,5,1461818367,The Smartest Books We Know (2005),story,http://archive.fortune.com/magazines/fortune/fortune_archive/2005/03/21/8254826/index.htm
JackPoach,0,11587463,4,1461835801,How to Tell When Statistics Are Bullshit,story,http://www.vice.com/read/statistics-more-or-less-tim-harford
chatmasta,2,11574563,40,1461696878,HTTP Evader – Automate Firewall Evasion Tests,story,http://noxxi.de/research/http-evader.html
fludlight,57,11567388,36,1461618580,BMW to Let Car Owners Rent Out Vehicles Like `Airbnb on Wheels',story,http://www.bloomberg.com/news/articles/2016-04-25/bmw-to-let-car-owners-rent-out-vehicles-like-airbnb-on-wheels
hecubus,36,11566042,77,1461607400,Why Revolutionaries Love Spicy Food: How the Chili Pepper Got to China,story,http://nautil.us/issue/35/boundaries/why-revolutionaries-love-spicy-food
ghosh,72,11570504,66,1461663536,Chernobyl's legacy 30 years on,story,http://www.bbc.com/news/world-europe-36115240?ocid=socialflow_twitter
jackgavigan,2,11585313,12,1461798143,Former Tor developer created malware for the FBI to hack Tor users,story,http://www.dailydot.com/politics/government-contractor-tor-malware/
datawrangler,85,11562468,189,1461556874,Sebastian Thrun Steps Down as Udacity's CEO,story,http://fortune.com/2016/04/22/sebastian-thrun-udacity/
phodo,11,11562799,46,1461566591,London’s Crossrail Is a $21B Test of Virtual Modeling,story,http://spectrum.ieee.org/transportation/mass-transit/londons-crossrail-is-a-21-billion-test-of-virtual-modeling
moby,3,11573994,52,1461692652,GitHub Enterprise 2.6 Is Now Available,story,https://github.com/blog/2157-github-enterprise-2-6-is-here-with-faster-more-approachable-workflows
nature24,10,11574548,30,1461696812,"One Gene, Many Proteins: Flexibility Found in Life’s Blueprints",story,https://www.quantamagazine.org/20160426-one-gene-many-proteins/
thestonefox,5,11574679,39,1461697873,Show HN: A collection of useful items for building SteamVR titles in Unity 5,story,https://github.com/thestonefox/SteamVR_Unity_Toolkit
shade23,61,11570395,65,1461661903,Empty DDoS Threats: Meet the Armada Collective,story,https://blog.cloudflare.com/empty-ddos-threats-meet-the-armada-collective/
aherlambang,79,11563566,120,1461584037,I returned home from Silicon Valley and built a failed startup,story,https://medium.com/@aditya_herlamba/i-returned-home-from-silicon-valley-and-build-a-failed-startup-d9a2c5911d82
phwd,122,11540747,862,1461232828,How I Hacked Facebook and Found Someone's Backdoor Script,story,http://devco.re/blog/2016/04/21/how-I-hacked-facebook-and-found-someones-backdoor-script-eng-ver/
randomname2,1,11575543,33,1461704194,Pieter Hintjens’ Last Hack,story,https://status451.com/2016/04/26/pieter-hintjens-last-hack/
philk10,2,11571747,20,1461678168,"Go Home Swift Compiler, You’re Drunk",story,https://spin.atomicobject.com/2016/04/26/swift-long-compile-time/#.Vx9wR8ukBDI.hackernews
mattingly23,36,11564386,105,1461594514,"Bangladesh Bank hackers compromised SWIFT software, warning issued",story,http://www.reuters.com/article/us-usa-nyfed-bangladesh-malware-exclusiv-idUSKCN0XM0DR
Rickasaurus,17,11565477,85,1461602651,New papers dividing logical uncertainty into two subproblems,story,https://intelligence.org/2016/04/21/two-new-papers-uniform/
guillaumebort,20,11569857,79,1461652500,Writing a dynamic x86_64 assembler in Scala,story,https://github.com/guillaumebort/scasm
anexprogrammer,84,11563334,98,1461578703,Los Angeles and the 'great American streetcar scandal',story,http://www.theguardian.com/cities/2016/apr/25/story-cities-los-angeles-great-american-streetcar-scandal
samsolomon,49,11559468,184,1461501104,"Megacities, not nations, are the world’s dominant, enduring social structures",story,http://qz.com/666153/megacities-not-nations-are-the-worlds-most-dominant-enduring-social-structures-adapted-from-connectography/
hsileng,16,11585556,41,1461800778,How to panic a current grsecurity kernel as any user,story,https://twitter.com/marcan42/status/724745886794833920
adamnemecek,7,11561471,208,1461533769,Building a Home Lab to Become a Malware Hunter – A Beginner’s Guide,story,https://www.alienvault.com/blogs/security-essentials/building-a-home-lab-to-become-a-malware-hunter-a-beginners-guide
the_why_of_y,70,11559724,225,1461507046,The Sad History of the Microsoft Posix Subsystem (2010),story,https://brianreiter.org/2010/08/24/the-sad-history-of-the-microsoft-posix-subsystem/
Titanous,157,11549839,388,1461338490,1M People Use Facebook Over Tor,story,https://www.facebook.com/notes/facebook-over-tor/1-million-people-use-facebook-over-tor/865624066877648
based2,4,11584535,13,1461790985,The Movie-Based Terminal Effect Not yet Recreated by Hackers,story,https://medium.com/@bartobri/the-movie-based-terminal-effect-not-yet-recreated-by-hackers-46e9ca241bc9#.em8228nue
michaelmachine,18,11553749,74,1461376685,"Surprising, Vibrant Reef Discovered in the Muddy Amazon",story,http://news.nationalgeographic.com/2016/04/220416-Amazon-coral-reef-Brazil-ocean-river-fish/
robofenix,0,11587142,3,1461830214,Airborne orangutan tracking with python and react.js,story,http://robohub.org/wheres-susi-airborne-orangutan-tracking-with-python-and-react-js/
empressplay,0,11587128,3,1461830036,Australian judge says live-streaming “isn't broadcasting”,story,http://www.abc.net.au/news/2016-04-28/win-tv-loses-court-bid-over-program-streaming/7368206
dmnd,109,11553740,409,1461376441,About rel=noopener,story,https://mathiasbynens.github.io/rel-noopener/?target=_blank
anton_tarasenko,68,11561711,208,1461537906,"Most popular links in Hacker News comments, 2006–2015",story,https://github.com/antontarasenko/smq/blob/master/reports/hackernews-links-in-comments.md
vonnik,101,11561573,159,1461535455,The K Language,story,http://kparc.com/k.txt
arechsteiner,161,11542005,847,1461245994,Show HN: I made an interactive Bootstrap 4 cheat sheet,story,http://hackerthemes.com/bootstrap-cheatsheet
tilt,94,11563168,133,1461575247,Node.js ES2015/ES6 support,story,http://node.green/
chriscar,12,11575935,36,1461706947,Initial release of IdeaSpace – Open source CMS for the virtual reality web,story,https://www.ideaspacevr.org
The_ed17,100,11556873,252,1461437650,The impact of Prince’s death on Wikipedia,story,https://blog.wikimedia.org/2016/04/22/prince-death-wikipedia/
tomkwok,2,11586546,4,1461817402,Bitcoin Mining Is Not Wasteful,story,http://blog.zorinaq.com/?e=82
sajid,0,11566044,13,1461607452,The Guts of a New Machine (2003),story,http://www.nytimes.com/2003/11/30/magazine/30IPOD.html?pagewanted=all
baseraid,2,11547394,24,1461306308,Predicting Churn,story,http://swanintelligence.com/predicting-churn.html
gwintrob,27,11561938,92,1461543546,Saving Private Flipkart,story,http://www.foundingfuel.com/article/saving-private-flipkart/
jlpc,31,11570940,48,1461670511,Show HN: Change screen layout when connecting/disconnecting monitors,story,https://github.com/jlpc/xoutputd
utternerd,2,11582632,17,1461778841,NSA Estimates Snowden Singlehandedly Sped Up Encryption Adoption by 7 Years,story,https://www.techdirt.com/articles/20160426/13475834282/thank-snowden-as-nsa-estimates-he-singlehandedly-sped-up-encryption-adoption-7-years.shtml
wallflower,548,11569726,838,1461650299,Being a Developer After 40,story,https://medium.com/@akosma/being-a-developer-after-40-3c5dd112210c
uptown,52,11582299,40,1461776806,The Dyson Supersonic hair dryer [video],story,http://www.dyson.com/haircare/supersonic
yoav_hollander,6,11565601,37,1461603669,The rise of mostly-autonomous systems,story,https://blog.foretellix.com/2016/04/23/the-rise-of-mostly-autonomous-systems/
LaSombra,21,11547977,64,1461317116,Syndicate Wars Port,story,http://swars.vexillium.org/
hvo,72,11565782,96,1461605287,Fantasy Math Is Helping Companies Spin Losses into Profits,story,http://www.nytimes.com/2016/04/24/business/fantasy-math-is-helping-companies-spin-losses-into-profits.html
known,132,11562765,153,1461565772,Nearly all new diesel cars exceed official pollution limits,story,http://www.theguardian.com/business/2016/apr/23/diesel-cars-pollution-limits-nox-emissions
Lind5,28,11561830,134,1461540767,New debugging method found undetected security flaws in popular web apps,story,http://news.mit.edu/2016/patching-web-applications-0415
ingve,166,11564075,178,1461591523,Google Play Store and “over a million apps” could be headed to Chrome OS,story,http://arstechnica.com/gadgets/2016/04/it-looks-like-the-google-play-store-is-headed-to-chrome-os/
djoldman,2,11565958,15,1461606781,World’s First 3-D Printed Excavator on Display,story,http://www.manufacturingtomorrow.com/news/2016/04/20/world%E2%80%99s-first-3-d-printed-excavator-on-display-at-conexpo-conagg-and-ifpe/7915/
robertelder,1,11585809,14,1461803805,Microsoft Windows 10 Update Interrupts Weather Forecast [video],story,https://www.youtube.com/watch?v=VMPeTrHNX1U
MikusR,201,11536543,655,1461176496,Almost Nothing About the ‘Apple Harvests Gold from iPhones’ Story Is True,story,http://motherboard.vice.com/read/apple-does-not-melt-iphones-into-gold
doctorshady,168,11550913,350,1461346795,Edward Snowden: The Internet Is Broken,story,http://www.popsci.com/edward-snowden-internet-is-broken
luu,10,11558792,128,1461479260,Why I run my business like an open source project (2013),story,http://www.stubbornella.org/content/2013/02/26/why-i-run-my-business-like-an-open-source-project/
ingve,41,11556088,225,1461427479,Reversing the Petya ransomware with constraint solvers,story,http://0xec.blogspot.com/2016/04/reversing-petya-ransomware-with.html
SXX,43,11563674,89,1461585775,Why it's hard to write a dupefinder,story,http://rmlint.readthedocs.org/en/latest/cautions.html
mdelias,23,11565823,73,1461605677,The ShapeShift Hack,story,http://hackingdistributed.com/2016/04/25/shapeshift-hack-simply-incredible/
ashitlerferad,72,11563009,114,1461571218,Open-source cloud with LibreOffice online,story,https://open365.io/
coloneltcb,0,11586788,4,1461823146,"Apple and the Terrible, Horrible, No Good, Very Bad Drop in iPhone Sales",story,http://daringfireball.net/2016/04/terrible_horrible_no_good_very_bad_iphone_sales
techthumb,36,11555190,55,1461413007,The Case for SoundCloud,story,http://www.thembj.org/2016/04/the-case-for-soundcloud/
jonbaer,96,11552423,211,1461357620,Iranians Are Using Satellite TV to Beam in Banned Internet,story,http://www.wired.com/2016/04/ingenious-way-iranians-using-satellite-tv-beam-banned-data/
dsego,99,11570911,121,1461670109,Agile is Dead,story,https://www.linkedin.com/pulse/agile-dead-matthew-kern
poindontcare,10,11568413,40,1461629517,From Megaflops to Total Solutions: Cray and Supercomputing History [pdf],story,"http://ethw.org/images/7/76/Elzen_%26_MacKenzie,_From_Megaflops_to_Total_Solutions.pdf"
luu,80,11557707,110,1461450720,"Clang emits memcpy for std::swap, which can introduce undefined behavior",story,https://llvm.org/bugs/show_bug.cgi?id=27498
pj_mukh,171,11543083,348,1461254061,Drone believed to have hit British Airways flight 'may have been a plastic bag',story,http://www.telegraph.co.uk/news/2016/04/21/drone-believed-to-have-hit-british-airways-flight-may-have-been/
rmason,66,11557166,259,1461441650,"Bots won't replace apps, only better apps will replace apps",story,http://dangrover.com/blog/2016/04/20/bots-wont-replace-apps.html
dangerman,13,11566057,16,1461607513,"Despite sizable sales, Apple Watch has challenges to overcome",story,http://www.wsj.com/article_email/apple-watch-with-sizable-sales-cant-shake-its-critics-1461524901-lMyQjAxMTA2MzI4NDcyMTQ3Wj
walterbell,21,11556355,39,1461431227,Exploiting WPA2 in a City Wide Wi-Fi,story,http://www.tripwire.com/state-of-security/security-awareness/exploiting-wpa2-in-a-city-wide-wi-fi/
fortytw2,0,11578736,4,1461746947,Show HN: Leaktest – Goroutine leak detector,story,https://github.com/fortytw2/leaktest
hullo,36,11529763,176,1461095973,Apple’s Organizational Crossroads,story,https://stratechery.com/2016/apples-organizational-crossroads/
sasvari,210,11536492,458,1461176142,Canada to introduce legislation to legalize recreational cannabis,story,http://www.theguardian.com/world/2016/apr/20/canada-legislation-decriminalize-recreational-cannabis-weed-marijuana
asimuvPR,170,11538042,527,1461189286,Arduino in the size of a AA battery,story,http://techcrunch.com/2016/04/19/aaduino/
dikiaap,5,11564156,64,1461592323,Agera – Reactive Programming for Android,story,https://github.com/google/agera
tintinnabula,84,11558086,178,1461459198,For What It’s Worth: A Review of Wu-Tang Clan’s “Once Upon a Time in Shaolin”,story,http://www.dancohen.org/2016/01/04/for-what-its-worth-a-review-of-the-wu-tang-clans-once-upon-a-time-in-shaolin/
llogiq,34,11558909,162,1461483711,Something Secret This Way Comes,story,https://llogiq.github.io/2016/04/24/nsa.html
rayshan,69,11567509,66,1461619598,Lightroom $4K iMac VS $4K PC performance test,story,https://www.slrlounge.com/lightroom-mac-vs-pc-speed-test-4k-imac-vs-4k-custom-pc-performance-test/
mnkypete,5,11570174,15,1461658054,Intel’s Contributions to the Windows Bridge for iOS: The Accelerate Framework,story,https://blogs.windows.com/buildingapps/2016/04/25/intels-contributions-to-the-windows-bridge-for-ios-the-accelerate-framework/
Voyage,44,11563285,96,1461577590,"Building a GSM BTS Using the BladeRF, RPi and YateBTS",story,https://blog.strcpy.info/2016/04/21/building-a-portable-gsm-bts-using-bladerf-raspberry-and-yatebts-the-definitive-guide/
maibaum,199,11544988,315,1461269223,FBI Paid More Than $1M to Hack San Bernardino iPhone,story,http://www.wsj.com/articles/comey-fbi-paid-more-than-1-million-to-hack-san-bernardino-iphone-1461266641
flashman,2,11586626,5,1461819464,New Tinder feature outs its users to their Facebook friends,story,http://www.news.com.au/technology/online/social/tinder-social-feature-is-a-massive-invasion-of-privacy-for-all-those-using-the-dating-app/news-story/2ff112ff997754d864820394eeaf9a31
aaronbrethorst,2,11566375,23,1461610265,Autograph is a machine that produces an image using nails and a single thread,story,http://www.laarco.com/
t3nary,15,11560526,54,1461519025,Show HN: A HN desktop app for reading links and comments next to each other,story,https://florian.github.io/HNClient/
MikusR,6,11582947,21,1461780500,Announcing Samsung ARTIK Cloud,story,https://artik.io/2016/04/new-commercially-available-samsung-artik-cloud-brings-iot-life-delivering-game-changing-interoperability-devices-applications/
dogecoinbase,0,11583817,7,1461785906,Business Licenses for SF Uber and Lyft Drivers Cost Hundreds More Than Expected,story,http://sfist.com/2016/04/27/business_licenses_for_some_sf_uber_1.php
mpu,67,11555527,236,1461419778,Show HN: QBE – a new compiler back end,story,http://c9x.me/compile/
edward,55,11559405,110,1461499375,New body armour promises to transform fighting sports,story,http://www.economist.com/news/science-and-technology/21697212-new-body-armour-promises-transform-fighting-sports-modern-gladiators?fsrc=scn%2Ffb%2Fte%2Fpe%2Fed%2Fmoderngladiators
astdb,51,11558091,152,1461459244,NASA to begin historic new era of X-Planes,story,http://www.nasa.gov/aero/nasa-moves-to-begin-historic-new-era-of-x-plane-research
supster,3,11565140,27,1461600294,Bots and WeChat of the West,story,https://sapan.svbtle.com/the-reality-of-bots
Fjolsvith,2,11578869,13,1461749002,Macroscopic quantum entanglement achieved at room temperature,story,http://advances.sciencemag.org/content/1/10/e1501015.full
perseus323,105,11553813,239,1461377827,When to Rewrite from Scratch – Autopsy of Failed Software,story,http://codeahoy.com/2016/04/21/when-to-rewrite-from-scratch-autopsy-of-a-failed-software/
panarky,50,11581989,45,1461774833,Google Shuts Out Competitors on Android? Hardly,story,http://www.nytimes.com/2016/04/28/technology/android-faces-monopoly-claims-as-its-users-tackle-an-abundance-of-choices.html
georgeoliver,69,11564639,227,1461596623,How the CIA writes history,story,https://theintercept.com/2016/04/25/how-the-cia-writes-history/
sohkamyung,49,11563296,134,1461577854,New 8-megapixel camera board on sale at $25,story,https://www.raspberrypi.org/blog/new-8-megapixel-camera-board-sale-25/
henriquemaia,3,11582544,9,1461778337,Radiant Zinc Fireworks Reveal Quality of Human Egg,story,http://www.northwestern.edu/newscenter/stories/2016/04/radiant-zinc-fireworks-reveal-quality-of-human-egg.html
wwilson,424,11536074,491,1461173257,Let's Kill All the Mosquitoes,story,http://www.slate.com/articles/health_and_science/science/2016/01/zika_carrying_mosquitoes_are_a_global_scourge_and_must_be_stopped.html
tmostak,12,11555791,46,1461423439,Interactively Explore 120M Flight Records with GPUs,story,http://www.mapd.com/blog/2016/04/21/flying-through-flights-data-with-mapd/
zdw,1,11564398,11,1461594585,SkullConduct: Biometric User Identification Using Bone Conduction [pdf],story,https://perceptual.mpi-inf.mpg.de/files/2016/01/schneegass16_chi.pdf
lucasnemeth,27,11578744,17,1461747085,Brazil Oligarchs and Finance Magnates Are Taking Over Brazil Government,story,https://theintercept.com/2016/04/22/to-see-the-real-story-in-brazil-look-at-who-is-being-installed-as-president-and-finance-chiefs/
ingve,16,11559245,45,1461494900,Lessons learned from some of the best Ruby codebases,story,http://blacklane.github.io/2016/04/23/lessons-learned-from-some-of-the-best-ruby-codebases-part-1/
williswee,0,11563687,18,1461585991,Kamcord gets $10M to create more streaming stars,story,https://www.techinasia.com/kamcord-series-c-funding-appcasting
afshinmeh,39,11560874,125,1461524722,Show HN: Intro.js Hints,story,http://introjs.com/example/hint/index.html
nkurz,18,11553317,50,1461368407,Sort an array using only one local variable,story,http://patrickmichaelsen.com/blog/one-var-sort
praneshp,1,11586490,6,1461815874,Child porn suspect jailed indefinitely for refusing to decrypt hard drives,story,http://arstechnica.com/tech-policy/2016/04/child-porn-suspect-jailed-for-7-months-for-refusing-to-decrypt-hard-drives/
mattinsler,0,11564890,15,1461598636,Moving from a Fixed to a Growth Mindset,story,http://offtherails.co/moving-fixed-growth-mindset/
pmcpinto,109,11547900,242,1461315866,The Arctic Suicides: It's Not the Dark That Kills You,story,http://www.npr.org/sections/goatsandsoda/2016/04/21/474847921/the-arctic-suicides-its-not-the-dark-that-kills-you
obeone,3,11583063,7,1461781146,No time to get fit? Just 1 minute of intense exercise produces health benefits,story,http://www.sciencecodex.com/no_time_to_get_fit_think_again_just_1_minute_of_intense_exercise_produces_health_benefits-181155
machinagod,163,11546098,358,1461282084,"Amazon open-sources Ion – a binary and text interchangable, typed JSON-superset",story,https://github.com/amznlabs/ion-java
doener,33,11563451,67,1461581454,Create programs for all Amiga platforms with Lazarus,story,http://blog.alb42.de/2016/04/20/create-programs-for-all-amiga-platforms-with-lazarus/
monort,0,11586463,3,1461815378,Fluidics,story,https://en.wikipedia.org/wiki/Fluidics
vigorouscoding,55,11563437,68,1461581100,Technical Documentation Should Be a Graph,story,http://neo4j.com/blog/technical-documentation-graph/
Smirnoff,44,11582110,51,1461775539,"Apply HN: Make HN social – follow users, topics, and get notified about replies",story,http://notify.uz
Jerry2,42,11559840,110,1461509233,WISP: Battery-free computer that can be reprogrammed wirelessly,story,http://www.fastcodesign.com/3059141/this-battery-free-computer-sucks-power-out-of-thin-air?
prismatic,2,11575662,4,1461705077,"Palaeolithic art: Old masters, early cultures",story,http://www.nature.com/nature/journal/v532/n7599/full/532310a.html
devbug,55,11559093,149,1461490347,Use OpenGL to get more RAM,story,https://github.com/graphitemaster/moreram
matt_wulfeck,502,11529855,637,1461096521,"Intel to Cut 12,000 Jobs, Forecast Misses Amid PC Blight",story,http://www.bloomberg.com/news/articles/2016-04-19/intel-to-cutting-up-to-12-000-jobs-or-11-of-employees
fitzwatermellow,3,11559690,33,1461506257,Research Priorities for Robust and Beneficial Artificial Intelligence (2015) [pdf],story,http://futureoflife.org/data/documents/research_priorities.pdf
scrumper,239,11536758,435,1461178240,Curious Link Between the Fly-By Anomaly and the “Impossible” EmDrive Thruster,story,https://www.technologyreview.com/s/601299/the-curious-link-between-the-fly-by-anomaly-and-the-impossible-emdrive-thruster/
uptown,10,11565363,49,1461601775,A Chatbot Helped a Vinyl Records Startup Make $1M in 8 Months,story,http://www.adweek.com/news/technology/how-chatbot-helped-vinyl-records-startup-make-1-million-8-months-170900
kenOfYugen,55,11555298,167,1461415136,V8 Release 5.1,story,http://v8project.blogspot.com/2016/04/v8-release-51.html
MilnerRoute,0,11586401,4,1461814204,Watch me control my Tesla with Amazon Echo,story,http://venturebeat.com/2016/04/27/how-i-hacked-my-tesla-with-amazon-echo/
benbreen,23,11558392,33,1461467353,Survival of the Relocated Population of the U.S. After a Nuclear Attack (1976) [pdf],story,http://web.ornl.gov/info/reports/1976/3445600218921.pdf
ezhil,19,11559262,101,1461495360,How Big Data Creates False Confidence,story,http://nautil.us/blog/how-big-data-creates-false-confidence
samclemens,0,11574531,3,1461696673,"On 200th birthday of Charlotte Brontë, books from an unconventional childhood",story,http://blogs.unimelb.edu.au/librarycollections/2016/04/26/reading-with-the-young-charlotte-celebrating-the-200th-birthday-of-charlotte-bronte-with-some-books-from-an-unconventional-childhood/
etiam,2,11578712,19,1461746591,Snowden Debates CNN’s Fareed Zakaria on Encryption,story,https://theintercept.com/2016/04/26/snowden-debates-cnns-fareed-zakaria-on-encryption/
ausjke,31,11572379,45,1461682445,Swift on Android?,story,http://www.macrumors.com/2016/04/07/google-possibly-adopting-swift-for-android/
rhema,1,11558495,26,1461470611,Pride and Prejudice and Z-scores,story,http://blog.revolutionanalytics.com/2016/04/pride-and-prejudice-and-z-scores.html
therealmarv,46,11563015,128,1461571533,Ubuntu LTS: many vulnerabilities despite long-term support,story,http://www.wilderssecurity.com/threads/ubuntu-lts-many-vulnerabilities-despite-long-term-support.385386/
CrocodileStreet,78,11550791,69,1461345892,Science fairs are as flawed as my solar-powered hot dog cooker,story,https://www.statnews.com/2016/04/13/science-fairs-white-house/
ashitlerferad,0,11563898,13,1461589424,Fairwaves: Mobile networks reinvented,story,https://fairwaves.co/
jackhammons,40,11553712,192,1461375911,Windows Subsystem for Linux Architectural Overview,story,https://blogs.msdn.microsoft.com/wsl/2016/04/22/windows-subsystem-for-linux-overview/
danielvf,90,11550765,198,1461345752,The Looting of ShapeShift,story,https://news.bitcoin.com/looting-fox-sabotage-shapeshift/
slederer,17,11564260,21,1461593290,HTML5 Media Source Extensions: Bringing Production Video to the Web,story,https://www.smashingmagazine.com/2016/04/html5-media-source-extensions-bringing-production-video-web/
djvdorp,0,11569633,13,1461648449,"Docker-Clean: A script that cleans docker containers, images, and volumes",story,https://github.com/zzrotdesign/docker-clean
raddad,75,11558607,102,1461474109,Schools are helping police spy on kids’ social media activity,story,https://www.washingtonpost.com/news/the-switch/wp/2016/04/22/schools-are-helping-police-spy-on-kids-social-media-activity/
Osiris30,364,11556017,170,1461426511,"Ex-Reddit exec launches 'Imzy,' a warmer, fuzzier Reddit",story,http://thenextweb.com/insider/2016/04/22/fired-reddit-exec-quietly-launches-izzy-a-warmer-fuzzier-reddit/
dedalus,31,11553798,56,1461377510,HTTP/2 Adoption Stats,story,http://isthewebhttp2yet.com/measurements/structure.html
geerlingguy,96,11565056,180,1461599673,Storage Pod 6.0: Building a 60 Drive 480TB Storage Server,story,https://www.backblaze.com/blog/open-source-data-storage-server/
JMiao,191,11544016,293,1461261066,Why the S.E.C. didn't hit Goldman Sachs harder,story,http://www.newyorker.com/business/currency/why-the-s-e-c-didnt-hit-goldman-sachs-harder
vfarcic,7,11564051,49,1461591315,"Docker Networking and DNS: The Good, the Bad, and the Ugly",story,https://technologyconversations.com/2016/04/25/docker-networking-and-dns-the-good-the-bad-and-the-ugly/
robinhouston,80,11555306,192,1461415368,Interview with Scott Aaronson,story,http://blogs.scientificamerican.com/cross-check/scott-aaronson-answers-every-ridiculously-big-question-i-throw-at-him/
realdlee,143,11556349,172,1461431154,Why Uber Won,story,https://news.greylock.com/why-uber-won-5598a2a66561#.hz33sst9k
walrus01,91,11552967,166,1461363949,10 gigabit Ethernet 80 GHz point-to-point bridges,story,http://www.elva-1.com/products/a40106
dnetesn,3,11561288,25,1461530460,Insects can teach us about the origins of consciousness,story,http://phys.org/news/2016-04-insects-consciousness.html
kalmar,50,11569651,60,1461648808,Segfaults are our friends and teachers,story,http://kamalmarhubi.com/blog/2016/04/25/segfaults-are-our-friends-and-teachers/
chinatrip02,42,11554266,119,1461388848,The Chaos and the Craftsmanship of Shenzhen,story,http://rexstjohn.com/the-chaos-and-the-craftsmanship-of-shenzhen-part-ii/
doener,16,11556964,105,1461438495,"FPGA expansion board for the Amiga 500: SDRAM, microSD mass storage and Ethernet",story,https://github.com/endofexclusive/greta
frgewut,45,11559040,90,1461488407,Solar Impulse lands in California after Pacific crossing,story,http://www.bbc.com/news/science-environment-36122618
phantom_oracle,59,11550380,244,1461342788,Glot.io: Open Source pastebin with runnable snippets and API,story,https://glot.io/
pmoriarty,66,11559880,87,1461510178,ChaosKey: a Hardware True Random Number Generator That Attaches via USB,story,http://altusmetrum.org/ChaosKey/
randomname2,213,11564371,201,1461594342,Bank of Japan Is an Estimated Top 10 Holder in 90% of the Nikkei 225,story,http://www.bloomberg.com/news/articles/2016-04-24/the-tokyo-whale-is-quietly-buying-up-huge-stakes-in-japan-inc
pafortin,1,11560900,72,1461525098,Writing a Text Adventure Game in Go – Part 4,story,https://gocodecloud.com/blog/2016/04/24/writing-a-text-adventure-game-in-go---part-4/
luu,4,11554317,52,1461390337,Random failures in compiled LuaJIT code,story,http://www.freelists.org/post/luajit/Random-failures-in-compiled-code
ingve,179,11554700,161,1461399906,Java garbage collection can be really slow,story,http://jvns.ca/blog/2016/04/22/java-garbage-collection-can-be-really-slow/
elorant,37,11551794,153,1461352151,CERN has released 300 terabytes of research data from LHC,story,http://www.symmetrymagazine.org/article/lhc-data-at-your-fingertips
sghi,0,11583110,11,1461781426,"NSA is so overwhelmed with data, it's no longer effective, says whistleblower",story,http://www.zdnet.com/article/nsa-whistleblower-overwhelmed-with-data-ineffective/
mashgin,1,11577230,12,1461720898,ConvNet-Based “End to End Learning for Self-Driving Cars”,story,http://arxiv.org/abs/1604.07316
Jerry2,0,11577225,8,1461720813,Twitter Gains in Users Aren't Enough to Spur Advertising Growth,story,http://www.bloomberg.com/news/articles/2016-04-26/twitter-sales-forecast-misses-estimates-on-brand-advertising
CarolineW,39,11555310,165,1461415434,Doom as a tool for system administration (1999),story,https://www.cs.unm.edu/~dlchao/flake/doom/
suraj,57,11576981,62,1461717224,This Dumb Industry: In Defense of Crunch,story,http://www.shamusyoung.com/twentysidedtale/?p=31667
eric_h,0,11583020,7,1461780912,Snowden Debates CNN's Fareed Zakaria on Encryption,story,https://theintercept.com/2016/04/26/snowden-debates-cnns-fareed-zakaria-on-encryption/
ohjeez,37,11565309,22,1461601476,Amazon Doesn’t Consider the Race of Its Customers. Should It?,story,http://www.bloomberg.com/graphics/2016-amazon-same-day/
tdurden,47,11557416,126,1461445520,Opera VPN behind the curtains is just a proxy,story,https://gist.github.com/spaze/558b7c4cd81afa7c857381254ae7bd10
Fjolsvith,5,11578892,20,1461749244,Non-invasive treatment produces 98 percent prostate cancer cure rate,story,http://www.gizmag.com/sbrt-prostate-cancer-98-percent-cure-rate/42894/
privong,0,11584509,8,1461790795,House Passes Bill Requiring Search Warrants to Access Your Old Emails,story,http://reason.com/blog/2016/04/27/house-passes-bill-requiring-search-warra
otoolep,37,11554234,159,1461387766,Victorians who flew as high as jumbo jets,story,http://www.bbc.com/future/story/20160419-the-victorians-who-flew-as-high-as-jets
tma-1,11,11563626,48,1461584979,The Rise and Nature of Alternative Work Arrangements in the United States [pdf],story,http://krueger.princeton.edu/sites/default/files/akrueger/files/katz_krueger_cws_-_march_29_20165.pdf
mindcrime,1,11558619,17,1461474419,A Short History of the Russian Digital Shadow Libraries (2014),story,http://papers.ssrn.com/sol3/papers.cfm?abstract_id=2616631
dchester195,1,11563690,20,1461586108,Two Bytes to $951M,story,http://baesystemsai.blogspot.com/2016/04/two-bytes-to-951m.html
abhi3,0,11576624,5,1461713447,Conspiracy Files: Who Shot Down MH17?,story,http://www.bbc.com/news/magazine-35706048
matthewwarren,0,11571942,11,1461679539,An Optimization Exercise,story,https://kevinmontrose.com/2016/04/26/an-optimization-exercise/
akras14,98,11532281,485,1461126925,Git Tips,story,http://www.alexkras.com/19-git-tips-for-everyday-use/
DiabloD3,59,11554151,153,1461385608,Not All Practice Makes Perfect,story,http://nautil.us/issue/35/boundaries/not-all-practice-makes-perfect
uptown,347,11550305,317,1461342250,San Francisco Is Requiring Solar Panels on All New Buildings,story,https://nextcity.org/daily/entry/san-francisco-require-solar-panels-buildings
mappu,4,11569702,12,1461649771,Apple ImageIO Denial of Service,story,https://www.landaire.net/blog/apple-imageio-denial-of-service/
jtwebman,0,11584215,6,1461788668,Elixir and Elm – the perfect couple (Lambda Days 2016) [video],story,https://www.youtube.com/watch?v=mIwD27qqr5U
doener,2,11567965,10,1461623946,Clinton campaign investing $1M into online trolls,story,http://correctrecord.org/barrier-breakers-2016-a-project-of-correct-the-record/
elorant,53,11565084,71,1461599859,When Bitcoin Grows Up: What Is Money?,story,http://www.lrb.co.uk/v38/n08/john-lanchester/when-bitcoin-grows-up
8bitpony,105,11563705,89,1461586385,Diabetes: can you really eat to beat it?,story,http://www.theguardian.com/lifeandstyle/2016/apr/23/diabetes-can-you-really-eat-to-beat-it
ingve,2,11561144,26,1461528583,You Can Do Research Too,story,http://www.bailis.org/blog/you-can-do-research-too/
jseliger,217,11569533,221,1461646245,"College Sex-Assault Trials Belong in Court, Not Campus (2014)",story,http://chronicle.com/article/College-Sex-Assault-Trials/150805
tomtoise,142,11550289,155,1461342045,Amazon blocks non-Prime members from buying certain video games,story,http://www.videogamer.com/ps4/gta_5/news/amazon_blocks_non-prime_members_from_buying_certain_video_games.html
janvdberg,55,11549778,163,1461338041,Scientists can now make lithium-ion batteries last a lifetime,story,http://www.computerworld.com/article/3060005/mobile-wireless/scientists-can-now-make-lithium-ion-batteries-last-a-lifetime.html
bootload,141,11558617,185,1461474397,Seattle vigilante reuniting stolen bikes with their owners,story,http://www.theguardian.com/us-news/2016/mar/15/bike-batman-seattle-theft-vigilante-anonymous
ingve,2,11559537,60,1461502866,Verifying Bit-Manipulations of Floating-Point [pdf],story,http://theory.stanford.edu/~aiken/publications/papers/pldi16b.pdf
pmcpinto,72,11555111,85,1461411358,How the Apocalypse Will Bring Out the Best in People,story,https://psmag.com/how-the-apocalypse-will-bring-out-the-best-in-people-56f51136e770#.oegshdfkk
katiabachko,58,11541971,241,1461245764,Eyes Everywhere: Encryption programmer Paul Le Roux and his commando kill squad,story,https://mastermind.atavist.com/eyes-everywhere
monteslu,75,11543258,251,1461255418,Jarvis: an Amazon Echo clone in your browser,story,https://iceddev.com/blog/jarvis-an-amazon-echo-clone-in-your-browser/
jgrahamc,0,11583722,6,1461785290,Ask Me Anything About HTTP/2,story,https://blog.cloudflare.com/ask-me-anything-about-http-2/
imartin2k,10,11578886,17,1461749218,Why free money beats bullshit jobs,story,http://fusion.net/story/288907/why-free-money-beats-bullshit-jobs/
ytNumbers,0,11585582,3,1461801072,Betting Against China,story,http://www.businessinsider.com/jim-chanos-china-trade-2016-4
ingve,202,11554894,191,1461405172,Aphantasia: How It Feels to Be Blind in Your Mind,story,https://www.facebook.com/notes/blake-ross/aphantasia-how-it-feels-to-be-blind-in-your-mind/10156834777480504
rcpt,155,11530304,428,1461099216,What convolutional neural networks look at when they see nudity,story,http://blog.clarifai.com/what-convolutional-neural-networks-see-at-when-they-see-nudity/
ingve,182,11529277,357,1461092315,Curing Our Slack Addiction,story,https://blog.agilebits.com/2016/04/19/curing-our-slack-addiction/
DiabloD3,58,11551432,253,1461349890,Secret Court Takes Another Bite Out of the Fourth Amendment,story,https://www.eff.org/deeplinks/2016/04/secret-court-takes-another-bite-out-fourth-amendment
etr71115,11,11551748,56,1461351773,What Networks Does BuzzFeed Use?,story,http://blog.naytev.com/what-networks-does-buzzfeed-use/
aaronbrethorst,24,11553533,158,1461372107,Yakuza 3 reviewed by Yakuza,story,http://boingboing.net/2010/08/10/yakuza-3-review.html
plurby,52,11559555,93,1461503172,Designing Ryanair’s Boarding Pass,story,https://medium.com/@aonghusdavoren/priority-queue-designing-ryanair-s-boarding-pass-a15895092211#.nce2w1cbg
diodorus,0,11557004,54,1461439104,Rethinking Humanity's Roots,story,http://discovermagazine.com/2016/march/13-rethinking-our-roots
etiam,170,11533846,269,1461155282,Deadly animal prion disease appears in Europe,story,http://www.nature.com/news/deadly-animal-prion-disease-appears-in-europe-1.19759
Osiris30,7,11559393,19,1461499184,EVs could be the opportunity of the century for utilities,story,http://www.utilitydive.com/news/the-100b-prize-why-evs-are-the-opportunity-of-the-century-for-utilities/416373/
petethomas,226,11533973,290,1461156839,Got a Hot Seller on Amazon? Prepare for Amazon to Make One Too,story,http://www.bloomberg.com/news/articles/2016-04-20/got-a-hot-seller-on-amazon-prepare-for-e-tailer-to-make-one-too
fweespee_ch,131,11529245,360,1461092061,GitLab Partners with DigitalOcean to make CI more affordable,story,https://about.gitlab.com/2016/04/19/gitlab-partners-with-digitalocean-to-make-continuous-integration-faster-safer-and-more-affordable/
ingve,120,11532599,351,1461133146,Detecting the use of “curl – bash” server side,story,https://www.idontplaydarts.com/2016/04/detecting-curl-pipe-bash-server-side/
monort,64,11553766,41,1461376922,Fictionalism in the Philosophy of Mathematics [pdf],story,http://www.colyvan.com/papers/fictionalism.pdf
stared,34,11555551,173,1461420158,"Sorry ARIMA, but I’m Going Bayesian",story,http://multithreaded.stitchfix.com/blog/2016/04/21/forget-arima/
Oatseller,17,11553883,30,1461379639,“Whaling” emerges as cybersecurity threat,story,http://www.cio.com/article/3059621/security/whaling-emerges-as-major-cybersecurity-threat.html
cookrn,28,11558007,101,1461457487,GSL – a Universal Code Generator,story,https://github.com/imatix/gsl
JoshDoody,6,11583121,11,1461781472,Do You Need to Be a Really Good Programmer to Make a Living Freelancing?,story,http://www.christopherhawkins.com/2016/04/need-really-good-programmer-make-a-living-freelancing/
ashitlerferad,64,11559172,80,1461493084,Ocean Mobile Linux Server,story,https://getocean.io/
otoolep,5,11554225,33,1461387457,Code reviews still rule (2015),story,http://www.philipotoole.com/code-reviews-still-rule/
dbcooper,135,11548831,144,1461330812,A Marriage Gone Bad: Walgreens Struggles to Shake Off Theranos,story,http://www.nytimes.com/2016/04/22/business/a-once-avid-ally-walgreens-is-struggling-to-shake-off-theranos.html?smid=tw-nytimes&smtyp=cur&_r=1
hvo,73,11557641,113,1461449317,"William Shakespeare, Playwright and Poet, Is Dead at 52",story,http://www.nytimes.com/interactive/2016/04/23/arts/shakespeare-obituary.html?hp&action=click&pgtype=Homepage&clickSource=story-heading&module=mini-moth&region=top-stories-below&WT.nav=top-stories-below&_r=0
sridca,6,11568327,17,1461628388,10 Scientific Papers That Can Transform Your Understanding of Health and Medicine,story,http://darwinian-medicine.com/10-scientific-papers-that-can-transform-your-understanding-of-health-medicine/
vbezhenar,20,11549496,45,1461335866,Show HN: Shell utility to encrypt a file into a self-decrypting script,story,https://github.com/vbezhenar/shenc
userbinator,38,11559945,56,1461511413,Fast Finite State Machine for HTTP Parsing (2014),story,http://natsys-lab.blogspot.com/2014/11/the-fast-finite-state-machine-for-http.html
maxdesiatov,1,11582691,4,1461779182,"Please Stop “Geeking Out”, help others understand and help simplify",story,http://www.daedtech.com/please-stop-geeking-out/
ashitlerferad,0,11577782,15,1461730419,"FBI will ignore court order, it feels it's above the law",story,https://www.techdirt.com/articles/20160425/18101534272/fbi-says-it-will-ignore-court-order-if-told-to-reveal-tor-browser-exploit-because-it-feels-above-law.shtml
tarikozket,30,11578582,142,1461744309,"GitHub has 20,927,907 closed issues",story,https://github.com/issues?q=is%3Aissue+is%3Aclosed
ingve,16,11552626,97,1461359999,How we found that the Linux nios2 memset() implementation had a bug,story,http://free-electrons.com/blog/how-we-found-that-the-linux-nios2-memset-implementation-had-a-bug/
ghosh,0,11574418,17,1461695659,Witness Box the FBI faked an entire field of forensic science,story,http://www.slate.com/articles/news_and_politics/jurisprudence/2015/04/fbi_s_flawed_forensics_expert_testimony_hair_analysis_bite_marks_fingerprints.html
protomyth,0,11567979,12,1461624119,GNU Ethical Repository Criteria Evaluations,story,https://www.gnu.org/software/repo-criteria-evaluation.html
craigkerstiens,3,11552901,36,1461363129,A Methodology for Retiring Products,story,http://neovintage.org/2016/01/24/a-methodology-for-retiring-products/
planetjones,0,11578955,9,1461750433,A virtual experience of solitary confinement,story,http://www.theguardian.com/world/ng-interactive/2016/apr/27/6x9-a-virtual-experience-of-solitary-confinement
oinkgrr,166,11533128,200,1461143323,VW 'Dieselgate' software developed at Audi in 1999: report,story,http://www.reuters.com/article/us-volkswagen-emissions-audi-idUSKCN0XG2DN
tokenadult,13,11558394,59,1461467402,The Unintended Consequences of Trying to Replicate Research,story,http://www.slate.com/articles/technology/future_tense/2016/04/the_unintended_consequences_of_trying_to_replicate_scientific_research.html
ingve,10,11559673,57,1461505797,Fast incremental sort,story,http://larshagencpp.github.io/blog/2016/04/23/fast-incremental-sort
srikar,55,11555286,100,1461414965,The Paradox of the Elephant Brain,story,http://nautil.us/issue/35/boundaries/the-paradox-of-the-elephant-brain
buro9,1,11579840,9,1461761030,HACKADAY DICTIONARY: USB TYPE C,story,http://hackaday.com/2016/04/22/hackaday-dictionary-usb-type-c/
jonbaer,6,11553402,26,1461369805,Brain-controlled drone racing,story,http://bigstory.ap.org/article/d04cc633285c468b8f31f2214cf2feac/ready-set-think-mind-controlled-drones-race-future
nmjenkins,127,11540389,224,1461226671,Free VPN integrated in Opera for better online privacy,story,http://www.opera.com/blogs/desktop/2016/04/free-vpn-integrated-opera-for-windows-mac/
